{"proxies":{"yy.logcatcher.TilogcatcherModule":{"superPackageName":"org.appcelerator.kroll","methods":{"getDeviceLogs":{"runOnUiThread":false,"hasInvocation":false,"args":[],"apiName":"getDeviceLogs","converter":"org.appcelerator.kroll.KrollConverter","defaultValueProvider":"org.appcelerator.kroll.KrollConverter","name":"__default_name__","returnType":"java.lang.String"}},"superProxyBindingClassName":"org.appcelerator.kroll.KrollModuleBindingGen","proxyClassName":"TilogcatcherModule","proxyAttrs":{"propertyAccessors":[],"fullAPIName":"Tilogcatcher","name":"Tilogcatcher","proxyClassName":"yy.logcatcher.TilogcatcherModule","isTopLevel":false,"id":"yy.logcatcher"},"packageName":"yy.logcatcher","sourceName":"yy.logcatcher.TilogcatcherModuleBindingGen","isTitaniumSdk":false,"superProxyClassName":"KrollModule","isModule":true,"genClassName":"TilogcatcherModuleBindingGen","onAppCreate":"onAppCreate"}},"modules":{"yy.logcatcher.TilogcatcherModule":{"apiName":"Tilogcatcher"}}}